,precision,recall,f1-score,support
WALKING,0.9899799599198397,0.9959677419354839,0.992964824120603,496.0
WALKING_UPSTAIRS,0.9868131868131869,0.9532908704883227,0.9697624190064795,471.0
WALKING_DOWNSTAIRS,0.9470046082949308,0.9785714285714285,0.9625292740046838,420.0
SITTING,0.9688995215311005,0.824847250509165,0.8910891089108911,491.0
STANDING,0.8678929765886287,0.9755639097744361,0.9185840707964602,532.0
LAYING,0.988950276243094,1.0,0.9944444444444445,537.0
accuracy,0.9552086868001357,0.9552086868001357,0.9552086868001357,0.9552086868001357
macro avg,0.9582567548984634,0.9547068668798061,0.954895690213927,2947.0
weighted avg,0.9576097840354886,0.9552086868001357,0.9547876118097961,2947.0
