Dataset,Model_Variant,Accuracy,F1-Score
WISDM,standard_resnet_20251203,0.9882179675994109,0.9882317188469539
WISDM,se_resnet_20251203,0.9879234167893962,0.9879478698421114
WISDM,resnet_transformer_20251203,0.984977908689249,0.985048190365549
WISDM,cbam_resnet_20251203,0.9840942562592047,0.9840625829198786
WISDM,cnn_bilstm_20251203,0.9837997054491899,0.9838491820620192
