Dataset,Model_Variant,Accuracy,F1-Score
UCI,resnet_transformer_20251204,0.9623345775364778,0.9620101041214038
UCI,cbam_resnet_20251204,0.9548693586698337,0.9544375181223202
UCI,cnn_bilstm_20251204,0.9440108585001696,0.943903426448567
UCI,standard_resnet_20251204,0.9409569053274517,0.9403996599820417
UCI,se_resnet_20251204,0.9395995928062436,0.9394486323349883
